<?xml version="1.0" encoding="utf-8" ?>
<dwsync>
<file name="home.html" server="csweb01.csueastbay.edu/public_html/" local="133531239768269191" remote="133531257330000000" Dst="1" />
<file name="shop.html" server="csweb01.csueastbay.edu/public_html/" local="133531073873555282" remote="133531074000000000" Dst="1" />
<file name="Product1.html" server="csweb01.csueastbay.edu/public_html/" local="133531246410040298" remote="133531246430000000" Dst="1" />
<file name="Product10.html" server="csweb01.csueastbay.edu/public_html/" local="133531252308422295" remote="133531257340000000" Dst="1" />
<file name="Product11.html" server="csweb01.csueastbay.edu/public_html/" local="133531252368074511" remote="133531257340000000" Dst="1" />
<file name="Product12.html" server="csweb01.csueastbay.edu/public_html/" local="133531257392927466" remote="133531257390000000" Dst="1" />
<file name="Product13.html" server="csweb01.csueastbay.edu/public_html/" local="133531252594376616" remote="133531257400000000" Dst="1" />
<file name="Product14.html" server="csweb01.csueastbay.edu/public_html/" local="133531252666669203" remote="133531257400000000" Dst="1" />
<file name="Product15.html" server="csweb01.csueastbay.edu/public_html/" local="133531252768870099" remote="133531257400000000" Dst="1" />
<file name="Product16.html" server="csweb01.csueastbay.edu/public_html/" local="133531252887218943" remote="133531257400000000" Dst="1" />
<file name="Product17.html" server="csweb01.csueastbay.edu/public_html/" local="133531253015334276" remote="133531257400000000" Dst="1" />
<file name="Product18.html" server="csweb01.csueastbay.edu/public_html/" local="133531253108774597" remote="133531257410000000" Dst="1" />
<file name="Product19.html" server="csweb01.csueastbay.edu/public_html/" local="133531253220206519" remote="133531257410000000" Dst="1" />
<file name="Product2.html" server="csweb01.csueastbay.edu/public_html/" local="133531253314462924" remote="133531257410000000" Dst="1" />
<file name="Product20.html" server="csweb01.csueastbay.edu/public_html/" local="133531253410000000" remote="133531257410000000" Dst="1" />
<file name="Product21.html" server="csweb01.csueastbay.edu/public_html/" local="133531253495025442" remote="133531257420000000" Dst="1" />
<file name="Product22.html" server="csweb01.csueastbay.edu/public_html/" local="133531254249297336" remote="133531257420000000" Dst="1" />
<file name="Product23.html" server="csweb01.csueastbay.edu/public_html/" local="133531254353108751" remote="133531257420000000" Dst="1" />
<file name="Product24.html" server="csweb01.csueastbay.edu/public_html/" local="133531254484640725" remote="133531257420000000" Dst="1" />
<file name="Product25.html" server="csweb01.csueastbay.edu/public_html/" local="133531254574765591" remote="133531257430000000" Dst="1" />
<file name="Product3.html" server="csweb01.csueastbay.edu/public_html/" local="133531256276703342" remote="133531257430000000" Dst="1" />
<file name="Product4.html" server="csweb01.csueastbay.edu/public_html/" local="133531256718074957" remote="133531257430000000" Dst="1" />
<file name="Product5.html" server="csweb01.csueastbay.edu/public_html/" local="133531256815180904" remote="133531257430000000" Dst="1" />
<file name="Product6.html" server="csweb01.csueastbay.edu/public_html/" local="133531256915619078" remote="133531257430000000" Dst="1" />
<file name="Product7.html" server="csweb01.csueastbay.edu/public_html/" local="133531257021690881" remote="133531257440000000" Dst="1" />
<file name="Product8.html" server="csweb01.csueastbay.edu/public_html/" local="133531257117581293" remote="133531257440000000" Dst="1" />
<file name="Product9.html" server="csweb01.csueastbay.edu/public_html/" local="133531257217751940" remote="133531257440000000" Dst="1" />
<file name="account.html" server="csweb01.csueastbay.edu/public_html/" local="133531073871870190" remote="133531073930000000" Dst="1" />
<file name="createaccount.html" server="csweb01.csueastbay.edu/public_html/" local="133531258660280334" remote="133531258680000000" Dst="1" />
</dwsync>