<?xml version="1.0" encoding="utf-8" ?>
<dwsync>
<file name="handmade.png" server="csweb01.csueastbay.edu/public_html/" local="133524985610000000" remote="133524985610000000" Dst="1" />
<file name="designing.jpg" server="csweb01.csueastbay.edu/public_html/" local="133525167541217843" remote="133525168440000000" Dst="1" />
<file name="materials.jpg" server="csweb01.csueastbay.edu/public_html/" local="133525174540929895" remote="133525175590000000" Dst="1" />
<file name="outlet.jpg" server="csweb01.csueastbay.edu/public_html/" local="133529349421391748" remote="133529349760000000" Dst="1" />
<file name="1.jpg" server="csweb01.csueastbay.edu/public_html/" local="133529512411315476" remote="133529516890000000" Dst="1" />
<file name="10.jpg" server="csweb01.csueastbay.edu/public_html/" local="133529484835364444" remote="133529506870000000" Dst="1" />
<file name="11.jpg" server="csweb01.csueastbay.edu/public_html/" local="133529485345074535" remote="133529506870000000" Dst="1" />
<file name="12.jpg" server="csweb01.csueastbay.edu/public_html/" local="133529484662445896" remote="133529506870000000" Dst="1" />
<file name="13.jpg" server="csweb01.csueastbay.edu/public_html/" local="133529485507662783" remote="133529506880000000" Dst="1" />
<file name="14.jpg" server="csweb01.csueastbay.edu/public_html/" local="133529485652399753" remote="133529506880000000" Dst="1" />
<file name="15.jpg" server="csweb01.csueastbay.edu/public_html/" local="133529486226633030" remote="133529506880000000" Dst="1" />
<file name="16.jpg" server="csweb01.csueastbay.edu/public_html/" local="133529486359721455" remote="133529506880000000" Dst="1" />
<file name="17.jpg" server="csweb01.csueastbay.edu/public_html/" local="133529486607143923" remote="133529506880000000" Dst="1" />
<file name="18.jpg" server="csweb01.csueastbay.edu/public_html/" local="133529486815783526" remote="133529506880000000" Dst="1" />
<file name="19.jpg" server="csweb01.csueastbay.edu/public_html/" local="133529487227284213" remote="133529506890000000" Dst="1" />
<file name="2.jpg" server="csweb01.csueastbay.edu/public_html/" local="133529513039638341" remote="133529516890000000" Dst="1" />
<file name="20.jpg" server="csweb01.csueastbay.edu/public_html/" local="133529487348687056" remote="133529506890000000" Dst="1" />
<file name="21.jpg" server="csweb01.csueastbay.edu/public_html/" local="133529487575102765" remote="133529506890000000" Dst="1" />
<file name="22.jpg" server="csweb01.csueastbay.edu/public_html/" local="133529489337170060" remote="133529506890000000" Dst="1" />
<file name="23.jpg" server="csweb01.csueastbay.edu/public_html/" local="133529490045509767" remote="133529506900000000" Dst="1" />
<file name="24.jpg" server="csweb01.csueastbay.edu/public_html/" local="133529490161554001" remote="133529506900000000" Dst="1" />
<file name="25.jpg" server="csweb01.csueastbay.edu/public_html/" local="133529490357804447" remote="133529506900000000" Dst="1" />
<file name="3.jpg" server="csweb01.csueastbay.edu/public_html/" local="133529513499569801" remote="133529516900000000" Dst="1" />
<file name="4.jpg" server="csweb01.csueastbay.edu/public_html/" local="133529514535275636" remote="133529516900000000" Dst="1" />
<file name="5.jpg" server="csweb01.csueastbay.edu/public_html/" local="133529514753292233" remote="133529516900000000" Dst="1" />
<file name="6.jpg" server="csweb01.csueastbay.edu/public_html/" local="133529515122324978" remote="133529516900000000" Dst="1" />
<file name="7.jpg" server="csweb01.csueastbay.edu/public_html/" local="133529515388901856" remote="133529516900000000" Dst="1" />
<file name="8.jpg" server="csweb01.csueastbay.edu/public_html/" local="133529515653299870" remote="133529516910000000" Dst="1" />
<file name="9.jpg" server="csweb01.csueastbay.edu/public_html/" local="133529515876986634" remote="133529516910000000" Dst="1" />
<file name="materials.jfif" server="csweb01.csueastbay.edu/public_html/" local="133525168510000000" remote="133525168510000000" Dst="1" />
<file name="logo.png" server="csweb01.csueastbay.edu/public_html/" local="133530437349996955" remote="133530437380000000" Dst="1" />
</dwsync>